Job ID,Job URL,Job Title,Company Name,Status,Timestamp,WP ID
15ae1ebf2cf415bc,https://nz.linkedin.com/jobs/view/expression-of-interest-at-partly-4204882463,Expression of Interest,,scraped,2026-07-07T01:04:09.884494,
6d3abde1728a6461,https://nz.linkedin.com/jobs/view/expressions-of-interest-nz-expression-of-interest-at-syos-aerospace-4436711384,"Expressions of Interest, NZ - Expression of Interest",,scraped,2026-07-07T01:04:17.067243,
b5f2298c27c4a24a,https://nz.linkedin.com/jobs/view/campus-watch-team-member-at-university-of-otago-4437147221,Campus Watch Team Member,University of Otago,posted,2026-07-07T01:04:38.619093,17
338a56bf85cb28c6,https://nz.linkedin.com/jobs/view/nursery-person-at-hamilton-city-council-4424292415,Nursery Person,Hamilton City Council,posted,2026-07-07T01:05:01.391584,19
ab0c3b843baa52c1,https://nz.linkedin.com/jobs/view/activity-and-lifestyle-coordinator-at-ryman-healthcare-4413392487,Activity and Lifestyle Coordinator,,scraped,2026-07-07T01:05:04.006095,
68a6891e2349a484,https://nz.linkedin.com/jobs/view/vehicle-inspector-at-vinz-vehicle-inspection-nz-4435021685,Vehicle Inspector,VINZ - Vehicle Inspection NZ,posted,2026-07-07T01:05:21.144512,21
f9383a4cc5137c6d,https://nz.linkedin.com/jobs/view/expressions-of-interest-warehouse-stationery-whitianga-new-store%21-at-warehouse-stationery-4436732174,"Expressions of Interest - Warehouse Stationery, Whitianga (NEW STORE!)",,scraped,2026-07-07T01:05:23.662495,
f6a199582e976bd4,https://nz.linkedin.com/jobs/view/processing-officer-timaru-at-nz-post-4435420092,"Processing Officer, Timaru",,scraped,2026-07-07T01:06:33.608204,
ee7e0992eeef1ab9,https://nz.linkedin.com/jobs/view/travel-expert-napier-at-flight-centre-4434933191,Travel Expert - Napier,,scraped,2026-07-07T01:07:44.525249,
7ffb29d741b65042,https://nz.linkedin.com/jobs/view/ttm-worker-at-higgins-4433151746,TTM Worker,,scraped,2026-07-07T01:08:55.460235,
807fe02cded2fea4,https://nz.linkedin.com/jobs/view/j-k-must-create-new-exporters-diversify-export-basket-to-meet-2030-target-cm-omar-at-the-kashmir-monitor-4434610170,"J&K must create new exporters, diversify export basket to meet 2030 target: CM Omar",,scraped,2026-07-07T01:10:13.478745,
0a0b6759bc297799,https://nz.linkedin.com/jobs/view/quality-manager-at-jde-peet-s-4414076467,Quality Manager,,scraped,2026-07-07T01:10:20.736473,
d7787ad48e13f52e,https://nz.linkedin.com/jobs/view/cleaner-at-millennium-services-group-limited-4432335466,Cleaner,,scraped,2026-07-07T01:10:28.014428,
b656ef84046bd679,https://nz.linkedin.com/jobs/view/project-manager-part-time-at-tigermed-4416125358,Project Manager (Part time),,scraped,2026-07-07T01:10:37.752743,
ebdfef272f61096f,https://nz.linkedin.com/jobs/view/management-consultant-at-kpmg-new-zealand-4411857006,Management Consultant,KPMG New Zealand,posted,2026-07-07T01:10:57.905667,23
96f07ee690b1e9ed,https://nz.linkedin.com/jobs/view/illustrator-%E2%80%93-children-s-book-at-twine-4431089470,Illustrator – Children's Book,,scraped,2026-07-07T01:11:00.570333,
65d1219f4a2482f1,https://nz.linkedin.com/jobs/view/housekeeper-at-oceania-4436095893,Housekeeper,,scraped,2026-07-07T01:11:07.106863,
edd504f8a03599e1,https://nz.linkedin.com/jobs/view/software-engineer-at-microsoft-4341035834,Software Engineer,Microsoft,posted,2026-07-07T01:14:17.265696,25
2e8145dcb1de97ac,https://nz.linkedin.com/jobs/view/office-administrator-at-silver-fern-farms-ltd-4430916455,Office Administrator,,scraped,2026-07-07T01:14:19.721614,
70d0cbc42d463e42,https://nz.linkedin.com/jobs/view/work-from-home-in-new-zealand-at-telus-digital-4435804734,Work from Home in New Zealand,,scraped,2026-07-07T01:15:31.913986,
b9aa5bc7e8dd094b,https://nz.linkedin.com/jobs/view/operator-at-higgins-4433150812,Operator,,scraped,2026-07-07T01:15:38.494461,
7bfe0a538f496ff7,https://nz.linkedin.com/jobs/view/cashier-at-mitre-10-new-zealand-limited-4436302602,Cashier,Mitre 10 (New Zealand) Limited,posted,2026-07-07T01:17:03.130421,27
e171ce8802c1351c,https://nz.linkedin.com/jobs/view/digital-transformation-lead-digital-innovation-at-awanui-group-4434930989,Digital Transformation Lead - Digital & Innovation,,scraped,2026-07-07T01:17:05.770527,
c731a1bf5b893175,https://nz.linkedin.com/jobs/view/room-attendant-at-accor-4435417707,Room Attendant,Accor,posted,2026-07-07T01:19:35.795900,29
32b80f17c9954d7b,https://nz.linkedin.com/jobs/view/work-from-home-in-new-zealand-at-telus-digital-4435804745,Work from Home in New Zealand,,scraped,2026-07-07T01:19:38.474999,
ccfb21fd094be1de,https://nz.linkedin.com/jobs/view/senior-creative-content-producer-at-lenny-4433900637,Senior Creative Content Producer,,scraped,2026-07-07T01:19:45.237798,
48e56ccab2955dcd,https://nz.linkedin.com/jobs/view/part-time-pa-social-media-assistant-at-harcourts-manurewa-4436708816,Part-Time PA & Social Media Assistant,,scraped,2026-07-07T01:19:53.241748,
1f5d6064ca33ec90,https://nz.linkedin.com/jobs/view/clinical-research-associate-entry-home-based-at-medpace-4357644057,Clinical Research Associate - Entry (Home-Based),,scraped,2026-07-07T01:20:02.264534,
a72d1310e4d56fb3,https://nz.linkedin.com/jobs/view/court-registry-officer-at-ministry-of-justice-new-zealand-4434925720,Court Registry Officer,,scraped,2026-07-07T01:20:41.534872,
bc34757e91ce1712,https://nz.linkedin.com/jobs/view/ecom-operations-specialist-at-woolworths-group-4437146216,eCom Operations Specialist,,scraped,2026-07-07T01:21:52.342818,
b22d4e72572341dd,https://nz.linkedin.com/jobs/view/clinical-lead-at-habit-health-4430356465,Clinical Lead,,scraped,2026-07-07T01:21:59.785544,
b2aa0a5fac0fe7ef,https://nz.linkedin.com/jobs/view/production-planning-professional-at-trimble-inc-4432353678,Production Planning Professional,,scraped,2026-07-07T01:22:08.005108,
bf58711e0a9285dd,https://nz.linkedin.com/jobs/view/vehicle-sales-consultant-at-north-western-toyota-4436089172,Vehicle Sales Consultant,,scraped,2026-07-07T01:23:51.129205,
737b469696fa2c3b,https://nz.linkedin.com/jobs/view/assistant-branch-manager-repco-dunedin-at-repco-4428801129,Assistant Branch Manager | Repco Dunedin,,scraped,2026-07-07T01:25:37.531529,
55a9e09cd145fbb4,https://nz.linkedin.com/jobs/view/ferry-crew-rakiura-at-realnz-4429895903,Ferry Crew - Rakiura,,scraped,2026-07-07T01:26:49.179710,
c71188cc91e264f6,https://nz.linkedin.com/jobs/view/business-systems-analyst-at-ashburton-district-council-4434617369,Business Systems Analyst,Ashburton District Council,posted,2026-07-07T01:27:16.019391,31
bbf96766422c142c,https://nz.linkedin.com/jobs/view/customer-services-operations-agent-full-time-at-avis-budget-group-4435015589,Customer Services & Operations Agent (Full-Time),,scraped,2026-07-07T01:27:18.929441,
a3a5779c28a4a750,https://nz.linkedin.com/jobs/view/housekeeping-coordinator-at-hilton-4437146159,Housekeeping Coordinator,,scraped,2026-07-07T01:30:31.890373,
9ec31c0ed37708f7,https://nz.linkedin.com/jobs/view/sample-processing-operators-seasonal-at-livestock-improvement-corporation-lic-4435013663,Sample Processing Operators - Seasonal,,scraped,2026-07-07T01:32:04.341767,
a8ebd12e2fd22b14,https://nz.linkedin.com/jobs/view/expressions-of-interest-legal-roles-at-simpson-grierson-4433767067,Expressions of Interest - Legal roles,,scraped,2026-07-07T01:32:12.760982,
5754dc92d92997f7,https://nz.linkedin.com/jobs/view/technical-coordinator-at-airways-new-zealand-4436054629,Technical Coordinator,,scraped,2026-07-07T01:32:19.726453,
94444bfe5370f5f8,https://nz.linkedin.com/jobs/view/payroll-manager-at-the-university-of-waikato-4432340324,Payroll Manager,The University of Waikato,posted,2026-07-07T01:33:40.453434,33
bd6c032b7d03f07b,https://nz.linkedin.com/jobs/view/operation-with-customs-pin-at-ups-4407085877,Operation with Customs Pin,UPS,posted,2026-07-07T01:36:57.670823,35
21ec8a44d5df6af0,https://nz.linkedin.com/jobs/view/expressions-of-interest-print-press-operator-at-mcc-label-4413666218,Expressions Of Interest - Print Press Operator,,scraped,2026-07-07T01:37:00.254578,
a58dbd2726ae55f2,https://nz.linkedin.com/jobs/view/court-registry-officer-at-public-defence-service-new-zealand-4433785122,Court Registry Officer,,scraped,2026-07-07T01:37:07.613015,
39f17c8d709f6ba9,https://nz.linkedin.com/jobs/view/planner-at-mcfall-fuel-4432348520,Planner,,scraped,2026-07-07T01:37:15.135897,
a595d5d4d677783b,https://nz.linkedin.com/jobs/view/business-development-administrator-at-new-zealand-media-entertainment-nzme-4436902725,Business Development Administrator,,scraped,2026-07-07T01:37:21.711509,
cc700af76479b283,https://nz.linkedin.com/jobs/view/guest-service-agent-at-oaks-hotels-resorts-suites-4437130195,Guest Service Agent,,scraped,2026-07-07T01:37:28.577665,
ec6bf3f2e5eb51e8,https://nz.linkedin.com/jobs/view/quantity-surveyor-at-cook-brothers-construction-cbc-4433639461,Quantity Surveyor,,scraped,2026-07-07T01:37:35.569039,
3e76bad9f490e719,https://nz.linkedin.com/jobs/view/account-manager-new-zealand-at-graymont-4431489025,Account Manager New Zealand,,scraped,2026-07-07T01:37:43.732292,
1eb3c3ad49f7083c,https://nz.linkedin.com/jobs/view/payroll-coordinator-at-open-country-dairy-ltd-4436488467,Payroll Coordinator,Open Country Dairy Ltd,posted,2026-07-07T01:38:02.149781,37
24f5db91ef700e25,https://nz.linkedin.com/jobs/view/facilities-coordinator-at-cushman-wakefield-4437148342,Facilities Coordinator,Cushman & Wakefield,posted,2026-07-07T01:41:14.168104,39
5bac388d8f4f426f,https://nz.linkedin.com/jobs/view/customer-services-representative-coromandel-at-thames-coromandel-district-council-4433923384,Customer Services Representative - Coromandel,Thames-Coromandel District Council,posted,2026-07-07T01:41:27.904256,41
9c9e126d59c3d628,https://nz.linkedin.com/jobs/view/caregiver-at-heritage-lifecare-4436176813,Caregiver,,scraped,2026-07-07T01:41:30.733617,
0c5dff95c5651e5c,https://nz.linkedin.com/jobs/view/serviceperson-drainage-at-watercare-services-limited-4431219712,Serviceperson - Drainage,,scraped,2026-07-07T01:41:37.831245,
1ffa4c5324e42fc6,https://nz.linkedin.com/jobs/view/asset-information-specialist-at-powerco-4432720739,Asset Information Specialist,,scraped,2026-07-07T01:41:44.947314,
4289a4ffe6f4dea6,https://nz.linkedin.com/jobs/view/pa-to-head-of-finance-data-digital-at-napier-city-council-4436094934,"PA to Head of Finance, Data & Digital",,scraped,2026-07-07T01:41:53.665769,
2133af76b59de706,https://nz.linkedin.com/jobs/view/visual-merchandiser-auckland-at-louis-vuitton-4428692006,Visual Merchandiser - Auckland,Louis Vuitton,posted,2026-07-07T01:42:12.267957,43
0dd264a58761eba5,https://nz.linkedin.com/jobs/view/yard-drive-thru-team-member-at-placemakers-wairau-park-at-placemakers-4435522518,Yard & Drive Thru Team Member at PlaceMakers Wairau Park,PlaceMakers,posted,2026-07-07T01:42:27.421383,45
e9b40651e63e370b,https://nz.linkedin.com/jobs/view/youth-support-workers-christchurch-%E2%80%AF%C5%8Dtautahi-at-community-care-trust-4435214296,"Youth Support Workers, Christchurch- Ōtautahi",,scraped,2026-07-07T01:42:30.067524,
c2d73de744a856b2,https://nz.linkedin.com/jobs/view/capability-lead-at-auckland-one-rail-4436420491,Capability Lead,,scraped,2026-07-07T01:42:37.885014,
360afd0e1c01143f,https://nz.linkedin.com/jobs/view/business-director-at-momentum-group-nz-4436924120,Business Director,,scraped,2026-07-07T01:42:46.067767,
e7a481e636cccc64,https://nz.linkedin.com/jobs/view/digital-director-at-mbm-4434390909,Digital Director,,scraped,2026-07-07T01:42:52.849939,
119403af289f2040,https://nz.linkedin.com/jobs/view/medical-receptionist-the-doctors-massey-at-the-doctors-medical-centres-4433943054,Medical Receptionist - The Doctors Massey,,scraped,2026-07-07T01:42:59.432521,
ee53675f3c44653d,https://nz.linkedin.com/jobs/view/contact-centre-representative-at-kiwibank-4420887614,Contact Centre Representative,Kiwibank,posted,2026-07-07T01:43:53.715980,47
82c15559bfbf8488,https://nz.linkedin.com/jobs/view/brand-sponsorships-specialist-at-nib-group-4435297827,Brand & Sponsorships Specialist,nib Group,posted,2026-07-07T01:44:39.416567,49
a25f6f607ab2310b,https://nz.linkedin.com/jobs/view/automotive-technician-at-muster-limited-4435896514,Automotive Technician,MUSTER LIMITED,posted,2026-07-07T01:44:57.111328,51
810ced076087ffb2,https://nz.linkedin.com/jobs/view/scholarships-adviser-at-university-of-auckland-4437117958,Scholarships Adviser,University of Auckland,posted,2026-07-07T01:45:08.457490,53
c17a48d02fd69c8c,https://nz.linkedin.com/jobs/view/paramedic-at-hato-hone-st-john-4432300057,Paramedic,,scraped,2026-07-07T01:45:10.957383,
13026a44e2c20613,https://nz.linkedin.com/jobs/view/assistant-programme-manager-matua-ngaru-at-skids-4431998961,Assistant Programme Manager - Matua Ngaru,,scraped,2026-07-07T01:45:18.800997,
463390fad6e60081,https://nz.linkedin.com/jobs/view/freelance-chatbot-developer-whatsapp-telegram-discord-at-mindrift-4436741200,Freelance Chatbot Developer (WhatsApp / Telegram / Discord),,scraped,2026-07-07T01:45:29.832750,
3d3d6e71cba841fb,https://nz.linkedin.com/jobs/view/baristas-columbus-cafe-p%C3%A3p%C3%A3moa-at-mitre-10-new-zealand-limited-4436315275,Baristas Columbus Cafe Pãpãmoa,,scraped,2026-07-07T01:45:40.254049,
907c3382b0e2666c,https://nz.linkedin.com/jobs/view/horticulture-response-operator-at-green-by-nature-4432749391,Horticulture Response Operator,,scraped,2026-07-07T01:45:46.646701,
07d29b4a418a7d66,https://nz.linkedin.com/jobs/view/illustrator-%E2%80%93-contract-at-twine-4431528029,Illustrator – Contract,,scraped,2026-07-07T01:46:00.496909,
dbc5a0c6144e20c1,https://nz.linkedin.com/jobs/view/remote-user-interface-designer-%E2%80%93-junior-freelance-role-at-twine-4424887174,Remote User Interface Designer – Junior Freelance Role,,scraped,2026-07-07T01:46:06.884797,
b423da2cf11b29e5,https://nz.linkedin.com/jobs/view/spare-parts-specialist-at-mitre-10-new-zealand-limited-4436305574,Spare Parts Specialist,,scraped,2026-07-07T01:46:13.220318,
8ba4e3f900b9c04e,https://nz.linkedin.com/jobs/view/drive-thru-team-member-at-mitre-10-new-zealand-limited-4436318144,Drive Thru Team Member,,scraped,2026-07-07T01:46:19.580279,
4c7992758fe0aa5f,https://nz.linkedin.com/jobs/view/investment-analyst-at-anz-4436714134,Investment Analyst,,scraped,2026-07-07T01:46:26.109311,
ed47a3ebb8932e5a,https://nz.linkedin.com/jobs/view/english-and-liberal-arts-teacher-at-up-education-4433127922,English and Liberal Arts Teacher,,scraped,2026-07-07T01:46:32.605712,
e0b1296a6a8fdaec,https://nz.linkedin.com/jobs/view/generalist-junior-consultant-and-consultants-auckland-at-boston-consulting-group-bcg-4261896925,"Generalist Junior Consultant and Consultants, Auckland",Boston Consulting Group (BCG),posted,2026-07-07T01:46:58.275531,55
0d964f0435bc4281,https://nz.linkedin.com/jobs/view/digital-marketing-specialist-at-dicker-data-nz-4436175056,Digital Marketing Specialist,,scraped,2026-07-07T01:47:00.940412,
a3af030e60b8fc70,https://nz.linkedin.com/jobs/view/mitre-10-mega-hornby-driver-needed-at-mitre-10-new-zealand-limited-4436303652,Mitre 10 MEGA Hornby Driver Needed,,scraped,2026-07-07T01:47:07.420381,
019f55cabb1cd360,https://nz.linkedin.com/jobs/view/oncology-clinical-researcher-at-alignerr-4434920069,Oncology Clinical Researcher,,scraped,2026-07-07T01:47:13.809747,
955ababaf80144a0,https://nz.linkedin.com/jobs/view/specimen-collection-technician-rako-science-auckland-at-awanui-group-4434937987,Specimen Collection Technician - Rako Science - Auckland,,scraped,2026-07-07T01:48:26.734955,
ef3ef2502b7b7d08,https://nz.linkedin.com/jobs/view/english-teacher-fixed-term-full-time-at-school-jobs-4433169556,"English Teacher, fixed-term, full-time",School Jobs,posted,2026-07-07T01:48:54.797903,57
38be0bb9ff1481fd,https://nz.linkedin.com/jobs/view/processing-officer-at-nz-post-4434985511,Processing Officer,,scraped,2026-07-07T01:48:57.566675,
ff405929ff31ccf9,https://nz.linkedin.com/jobs/view/become-a-luxury-brand-evaluator-in-wellington-nz-at-cxg-4437115990,"Become a Luxury Brand Evaluator in Wellington, NZ",,scraped,2026-07-07T01:49:05.073578,
575627740d98a85b,https://nz.linkedin.com/jobs/view/laboratory-technician-newstead-seasonal-at-livestock-improvement-corporation-lic-4436055686,Laboratory Technician - Newstead (Seasonal),,scraped,2026-07-07T01:49:12.065466,
b55f4ea8dbc95d87,https://nz.linkedin.com/jobs/view/graphic-designer-%E2%80%93-beauty-brand-at-twine-4431088536,Graphic Designer – Beauty Brand,,scraped,2026-07-07T01:49:20.186055,
70053411fbe5cab8,https://nz.linkedin.com/jobs/view/cleaner-at-ocs-4424147713,Cleaner,OCS,posted,2026-07-07T01:49:35.117540,59
c2b53c85fa2cad1d,https://nz.linkedin.com/jobs/view/branch-manager-nelson-at-vinz-vehicle-inspection-nz-4431561779,Branch Manager - Nelson,VINZ - Vehicle Inspection NZ,posted,2026-07-07T01:49:46.987306,61
66d62f8f5201d2e3,https://nz.linkedin.com/jobs/view/assistant-store-manager-noel-leeming-queenstown-at-noel-leeming-4434944708,Assistant Store Manager - Noel Leeming Queenstown,Noel Leeming,posted,2026-07-07T01:49:59.512429,63
ff798399bfdc7672,https://nz.linkedin.com/jobs/view/senior-estimator-at-downer-4437495859,Senior Estimator,,scraped,2026-07-07T01:50:02.365705,
392b4f1a6d7146a9,https://nz.linkedin.com/jobs/view/facilities-coordinator-at-the-warehouse-group-4436195140,Facilities Coordinator,,scraped,2026-07-07T01:50:09.740925,
eb3057854f16d593,https://nz.linkedin.com/jobs/view/retail-assistant-replenishment-at-woolworths-group-4434250379,Retail Assistant - Replenishment,,scraped,2026-07-07T01:50:16.941104,
aeafd89fc16c170b,https://nz.linkedin.com/jobs/view/automotive-parts-interpreter-repco-palmerston-north-at-repco-4436178271,Automotive Parts Interpreter | Repco Palmerston North,,scraped,2026-07-07T01:50:23.747647,
75700d8e0284bc81,https://nz.linkedin.com/jobs/view/retail-assistant-availability-at-woolworths-group-4433574815,Retail Assistant - Availability,,scraped,2026-07-07T01:50:31.698457,
9f5fb7f386407a14,https://nz.linkedin.com/jobs/view/support-worker-matamata-at-ihc-new-zealand-4435053610,Support Worker - Matamata,,scraped,2026-07-07T01:50:38.609242,
270bf84c479b1b4e,https://nz.linkedin.com/jobs/view/packhouse-team-members-at-t-g-global-limited-4432758406,Packhouse Team Members,,scraped,2026-07-07T01:50:45.256228,
f6b67a7ae577ca91,https://nz.linkedin.com/jobs/view/service-assistants-casual-at-mitre-10-new-zealand-limited-4436928953,Service Assistants - Casual,,scraped,2026-07-07T01:50:53.110635,
e83f0e0638f0cd5a,https://nz.linkedin.com/jobs/view/allison-spohn-at-womentech-network-pakistan-4432360889,Allison  Spohn,,scraped,2026-07-07T01:50:59.838838,
bb658a97d7cce55c,https://nz.linkedin.com/jobs/view/contractor-project-manager-at-tigermed-4415743784,Contractor Project Manager,,scraped,2026-07-07T01:51:15.148954,
6b0ab12631dde644,https://nz.linkedin.com/jobs/view/it-manager-at-turn-it-on-4434692151,IT Manager,turn IT on,posted,2026-07-07T01:51:40.759127,65
734929411e097200,https://nz.linkedin.com/jobs/view/physical-education-health-teacher-0-20-fte-at-school-jobs-4432740526,Physical Education & Health Teacher (0.20 FTE),School Jobs,posted,2026-07-07T01:51:50.173803,67
624182e2463d9cd0,https://nz.linkedin.com/jobs/view/medical-science-liaison-msl-at-alignerr-4434797739,Medical Science Liaison (MSL),,scraped,2026-07-07T01:51:52.876826,
e5eac61c0e7433b5,https://nz.linkedin.com/jobs/view/maintenance-fitter-at-silver-fern-farms-ltd-4427136530,Maintenance Fitter,,scraped,2026-07-07T01:53:42.542018,
d3d62a69bb596793,https://nz.linkedin.com/jobs/view/senior-auditor-at-airways-new-zealand-4435024343,Senior Auditor,,scraped,2026-07-07T01:53:51.412988,
93b1ea69303e47c1,https://nz.linkedin.com/jobs/view/la-mer-travel-retail-auckland-international-airport-at-the-est%C3%A9e-lauder-companies-inc-4436023808,La Mer - Travel Retail - Auckland International Airport,,scraped,2026-07-07T01:53:58.906693,
d407120fc9faeecb,https://nz.linkedin.com/jobs/view/account-manager-north-waikato-at-halter-4435436156,Account Manager (North Waikato),,scraped,2026-07-07T01:57:04.021568,
888cc7b572ac2550,https://nz.linkedin.com/jobs/view/customer-service-lead-%E2%80%93-fixed-term-at-ziwi-4435439940,Customer Service Lead – Fixed term,,scraped,2026-07-07T01:57:10.491849,
4ee0a84259855330,https://nz.linkedin.com/jobs/view/process-operator-twl-shift-at-pepsico-4413639084,Process Operator - TWL Shift,,scraped,2026-07-07T01:57:18.207582,
f609314674584bbf,https://nz.linkedin.com/jobs/view/mobile-mortgage-manager-at-anz-4432353588,Mobile Mortgage Manager,,scraped,2026-07-07T01:57:33.417098,
de17b850d3c0752a,https://nz.linkedin.com/jobs/view/talent-partner-at-tribe-group-4413959852,Talent Partner,,scraped,2026-07-07T01:57:40.133332,
dff7056919869a77,https://nz.linkedin.com/jobs/view/outside-sales-at-fastsigns-espa%C3%B1a-4435555202,Outside Sales,FASTSIGNS España,posted,2026-07-07T01:57:58.708543,69
f2f8b615510c1b4f,https://nz.linkedin.com/jobs/view/fixed-term-inwards-goods-team-members-mitre-10-mega-hamilton-at-mitre-10-new-zealand-limited-4436316197,Fixed-Term Inwards Goods Team Members - Mitre 10 MEGA Hamilton,,scraped,2026-07-07T01:58:01.416865,
88c5929f6fa4ae45,https://nz.linkedin.com/jobs/view/sales-development-representative-at-xero-4435053478,Sales Development Representative,,scraped,2026-07-07T01:58:07.922659,
3ccfe72e997fe376,https://nz.linkedin.com/jobs/view/mediator-tenancy-at-ministry-of-business-innovation-and-employment-4437133608,Mediator (Tenancy),,scraped,2026-07-07T01:58:14.423011,
648efe9fc1d01c20,https://nz.linkedin.com/jobs/view/collection-curator-at-auckland-council-4435035779,Collection Curator,Auckland Council,posted,2026-07-07T01:58:32.783026,71
c58a063bc46e3c02,https://nz.linkedin.com/jobs/view/disability-support-coordinator-individualised-funding-at-presbyterian-support-northern-4434601815,Disability Support Coordinator - Individualised Funding,,scraped,2026-07-07T01:58:35.509094,
9388845eb222d011,https://nz.linkedin.com/jobs/view/dam-technician-at-watercare-services-limited-4431217645,Dam Technician,,scraped,2026-07-07T01:58:43.075541,
91fa38d32ca7cb04,https://nz.linkedin.com/jobs/view/communication-and-engagement-advisor-at-hamilton-city-council-4435021706,Communication and Engagement Advisor,Hamilton City Council,posted,2026-07-07T01:59:07.920616,73
5748b61287764280,https://nz.linkedin.com/jobs/view/medical-receptionist-linwood-at-tend-health-ltd-4434314461,Medical Receptionist - Linwood,,scraped,2026-07-07T01:59:10.507433,
e388e0c488a58cba,https://nz.linkedin.com/jobs/view/tracking-coordinator-fixed-term-at-w%C4%93t%C4%81-workshop-ltd-4433904686,Tracking Coordinator (Fixed-term),,scraped,2026-07-07T01:59:16.840077,
d39f9d458dfba617,https://nz.linkedin.com/jobs/view/hr-systems-administrator-success-factors-at-new-zealand-ministry-of-foreign-affairs-trade-4437138389,HR Systems Administrator - Success Factors,,scraped,2026-07-07T01:59:24.451888,
981d2ab3dff0e967,https://nz.linkedin.com/jobs/view/systems-analyst-at-livestock-improvement-corporation-lic-4435000017,Systems Analyst,,scraped,2026-07-07T01:59:33.118906,
78e713d7bf1d7d1a,https://nz.linkedin.com/jobs/view/new-home-sales-consultant-at-tailored-homes-nz-4436119478,New Home Sales Consultant,,scraped,2026-07-07T01:59:39.600910,
b38a013362f2021b,https://nz.linkedin.com/jobs/view/front-of-house-team-member-at-star-group-4436098724,Front of House Team Member,,scraped,2026-07-07T01:59:46.018665,
7e2c1ddb4405f1b9,https://nz.linkedin.com/jobs/view/aircraft-tradesperson-at-pratt-whitney-4437144970,Aircraft Tradesperson,,scraped,2026-07-07T01:59:52.771430,
4f9e05245818580f,https://nz.linkedin.com/jobs/view/go-to-market-ai-specialist-at-gallagher-security-4432387213,Go To Market AI Specialist,,scraped,2026-07-07T02:00:59.300051,
8da62b2902a91bcc,https://nz.linkedin.com/jobs/view/light-to-heavy-vehicle-technician-wellington-at-scania-new-zealand-4427182692,"Light to Heavy Vehicle Technician, Wellington",,scraped,2026-07-07T02:01:09.423726,
12cadab436290e99,https://nz.linkedin.com/jobs/view/tutor-animation-at-yoobee-college-of-creative-innovation-4433133822,Tutor - Animation,Yoobee College of Creative Innovation,posted,2026-07-07T02:01:25.296880,75
d46171c0b68c03ef,https://nz.linkedin.com/jobs/view/account-manager-western-southland-at-halter-4435429500,Account Manager (Western Southland),,scraped,2026-07-07T02:01:28.044373,
78ebd16eb304ef69,https://nz.linkedin.com/jobs/view/customer-service-representative-at-arxada-4436195467,Customer Service Representative,,scraped,2026-07-07T02:01:34.371252,
bc9490021f7f97e0,https://nz.linkedin.com/jobs/view/new%21-advanced-technology-specialist-west-at-rayner-optical-company-limited-4431985027,New! Advanced Technology Specialist - West,,scraped,2026-07-07T02:01:41.614202,
4d3f2727140ea4a2,https://nz.linkedin.com/jobs/view/assistant-store-manager-at-mountain-warehouse-4426932829,Assistant Store Manager,,scraped,2026-07-07T02:01:51.091962,
dcb11a96079be7aa,https://nz.linkedin.com/jobs/view/nz-template-customer-service-representative-bnt-levin-at-bapcor-limited-4431561853,NZ Template: Customer Service Representative - BNT Levin,,scraped,2026-07-07T02:01:58.025676,
b3d2815068c9ba35,https://nz.linkedin.com/jobs/view/electrical-technician-its-at-downer-4436432994,Electrical Technician - ITS,,scraped,2026-07-07T02:02:04.913670,
c973c8357f6122fe,https://nz.linkedin.com/jobs/view/english-new-zealand-language-study-in-auckland-%24230-usd-for-2-5-hours-at-transperfect-4436205065,English (New Zealand) Language Study in Auckland - $230 USD for 2.5 hours,,scraped,2026-07-07T02:02:12.085211,
16ae83db5933fe12,https://nz.linkedin.com/jobs/view/trade-logistics-manager-mitre-10-wanaka-at-mitre-10-new-zealand-limited-4436318143,Trade Logistics Manager - Mitre 10 Wanaka,,scraped,2026-07-07T02:02:35.332388,
b702d559277b14df,https://nz.linkedin.com/jobs/view/processing-officer-forklift-at-nz-post-4434923994,Processing Officer - Forklift,,scraped,2026-07-07T02:02:41.569279,
efc6c5f4ec5054ba,https://nz.linkedin.com/jobs/view/operations-coach-nike-auckland-at-nike-4432354239,"Operations Coach - Nike, Auckland",Nike,posted,2026-07-07T02:02:59.152587,77
7cc4fbd3eddf60c3,https://nz.linkedin.com/jobs/view/deputy-cto-ai-product-at-jobgether-4432333475,Deputy CTO (AI Product),,scraped,2026-07-07T02:03:01.849168,
a5140a7a49aa3926,https://nz.linkedin.com/jobs/view/maintenance-engineer-at-pact-group-holdings-ltd-4437117967,Maintenance Engineer,,scraped,2026-07-07T02:03:08.623670,
3c5ee1bb58534fb5,https://nz.linkedin.com/jobs/view/first-aid-trainers-%E2%80%93-multiple-regions-across-new-zealand-casual-and-permenant-at-triple-one-care-4436107017,First Aid Trainers – Multiple Regions Across New Zealand (Casual and Permenant),Triple One Care,posted,2026-07-07T02:03:30.946208,79
a4df11167d77dcd7,https://nz.linkedin.com/jobs/view/quality-improvement-analyst-at-powerco-4431597215,Quality & Improvement Analyst,,scraped,2026-07-07T02:03:33.521307,
e52816eb1da46dcc,https://nz.linkedin.com/jobs/view/freelance-marketing-social-media-at-twine-4431091465,Freelance Marketing - Social Media,,scraped,2026-07-07T02:03:41.869923,
6866619ad2381d37,https://nz.linkedin.com/jobs/view/part-time-customer-service-check-out-team-member-at-mitre-10-new-zealand-limited-4436300724,Part-Time Customer Service/Check Out Team Member,,scraped,2026-07-07T02:03:48.115263,
982eb0fa71ed816e,https://nz.linkedin.com/jobs/view/senior-consultant-%E2%80%94-radically-new-zealand-at-radically-4434635429,Senior Consultant — Radically (New Zealand),,scraped,2026-07-07T02:03:54.374263,
94d7856d197ee915,https://nz.linkedin.com/jobs/view/campaign-manager-at-folk-tale-4434957486,Campaign Manager,,scraped,2026-07-07T02:04:04.891377,
f45c2940cbe1856c,https://nz.linkedin.com/jobs/view/hiring-now%21-entry-level-english-teacher-esl-no-experience-needed-at-english-1-4436477339,Hiring now! Entry-Level English Teacher (ESL) | No Experience Needed,,scraped,2026-07-07T02:04:11.363336,
d3140ac36316932a,https://nz.linkedin.com/jobs/view/user-interface-designer-%E2%80%93-mobile-app-remote-at-twine-4425791220,User Interface Designer – Mobile App (Remote),,scraped,2026-07-07T02:04:18.977837,
d922de63f5d72f7f,https://nz.linkedin.com/jobs/view/general-manager-the-diversity-agenda-at-talent-4436212070,General Manager - The Diversity Agenda,Talent,posted,2026-07-07T02:04:35.769405,81
1f4ca52ba8b21a9f,https://nz.linkedin.com/jobs/view/key-account-manager-at-l-or%C3%A9al-4435441175,Key Account Manager,,scraped,2026-07-07T02:04:38.400699,
b33a308a32aa304c,https://nz.linkedin.com/jobs/view/senior-demand-brand-manager-18-month-contract-at-cartoncloud-4436485519,Senior Demand & Brand Manager - 18 month contract,,scraped,2026-07-07T02:04:44.959861,
0ba32575c5d3e455,https://nz.linkedin.com/jobs/view/drive-thru-team-member-mitre-10-mega-hornby-at-mitre-10-new-zealand-limited-4436308445,Drive Thru Team Member - Mitre 10 MEGA Hornby,,scraped,2026-07-07T02:04:51.807225,
7fbd3db82b8108f5,https://nz.linkedin.com/jobs/view/processing-officer-with-forklift-at-nz-post-4435412294,Processing Officer - with Forklift,,scraped,2026-07-07T02:04:57.990735,
e263a138c74be695,https://nz.linkedin.com/jobs/view/territory-manager-manawatu-at-mcfall-fuel-4432363229,Territory Manager (Manawatu),,scraped,2026-07-07T02:05:05.573646,
d805de9c939e6b62,https://nz.linkedin.com/jobs/view/fire-systems-tester-at-equans-anz-4433444010,Fire Systems Tester,,scraped,2026-07-07T02:05:12.182216,
e522ba61c093228e,https://nz.linkedin.com/jobs/view/material-handler-4-at-lam-research-4417848638,Material Handler 4,,scraped,2026-07-07T02:05:19.717122,
f06569a4ee858852,https://nz.linkedin.com/jobs/view/reward-and-insights-analyst-at-kpmg-new-zealand-4435259783,Reward and Insights Analyst,KPMG New Zealand,posted,2026-07-07T02:08:42.353802,83
27b8801dfd00e7b1,https://nz.linkedin.com/jobs/view/assistant-systems-accountant-at-the-treasury-new-zealand-4435025674,Assistant Systems Accountant,The Treasury - New Zealand,posted,2026-07-07T02:08:54.041433,85
f08079723759dd87,https://nz.linkedin.com/jobs/view/commercial-finance-business-partner-at-t-g-global-limited-4433915702,Commercial Finance Business Partner,,scraped,2026-07-07T02:08:56.756845,
6cbb27c3bd7a666b,https://nz.linkedin.com/jobs/view/welcomer-at-pullman-hotels-resorts-4436047971,Welcomer,,scraped,2026-07-07T02:09:04.155768,
a2102f3d925c7a9b,https://nz.linkedin.com/jobs/view/environmental-advisor-at-fulton-hogan-4434388163,Environmental Advisor,,scraped,2026-07-07T02:09:11.296867,
630ca4641836302c,https://nz.linkedin.com/jobs/view/merchandiser-taupo-at-coca-cola-europacific-partners-4423129600,Merchandiser - Taupo,Coca-Cola Europacific Partners,posted,2026-07-07T02:09:29.210368,87
3adc6566a1f9375f,https://nz.linkedin.com/jobs/view/excavator-operator-at-pipeline-civil-ltd-4436979213,Excavator Operator,,scraped,2026-07-07T02:09:31.811652,
4cbe52c01100890d,https://nz.linkedin.com/jobs/view/operations-engineer-ii-at-rocket-lab-4432720511,Operations Engineer II,,scraped,2026-07-07T02:09:44.705424,
e74cb961e63969bf,https://nz.linkedin.com/jobs/view/digital-solution-area-specialist-copilot-ai-workforce-early-in-profession-at-microsoft-4434995878,Digital Solution Area Specialist - Copilot & AI Workforce (Early in Profession),Microsoft,posted,2026-07-07T02:13:07.164154,89
f61b9e9d70a8dfc0,https://nz.linkedin.com/jobs/view/marketing-and-events-coordinator-at-pax8-4422251242,Marketing and Events Coordinator,Pax8,posted,2026-07-07T02:14:52.829475,91
0befa38d19bc6f6a,https://nz.linkedin.com/jobs/view/sap-mm-consultant-at-araz-supermarket-mmc-4435509663,SAP MM Consultant,,scraped,2026-07-07T02:14:55.607178,
d065027889a07497,https://nz.linkedin.com/jobs/view/npi-manufacturing-lead-at-wellumio-4435296994,NPI Manufacturing Lead,,scraped,2026-07-07T02:16:06.638694,
3ea9f4e4cd5c297b,https://nz.linkedin.com/jobs/view/executive-assistant-at-fidelity-life-4434692829,Executive Assistant,,scraped,2026-07-07T02:16:14.752229,
96d8b798b114e66e,https://nz.linkedin.com/jobs/view/head-of-commercial-at-tribe-group-4427666093,Head of Commercial,,scraped,2026-07-07T02:16:21.943872,
63e3ccdb1104e863,https://nz.linkedin.com/jobs/view/cleaner-at-ocs-4430952122,Cleaner,OCS,posted,2026-07-07T02:16:33.383276,59
434003d3b8a90105,https://nz.linkedin.com/jobs/view/advisor-ministerial-correspondence-at-ministry-of-justice-new-zealand-4431914215,Advisor Ministerial Correspondence,,scraped,2026-07-07T02:16:36.123595,
e17064dd8e1f80a4,https://nz.linkedin.com/jobs/view/customer-experience-specialist-at-halter-4376486464,Customer Experience Specialist,,scraped,2026-07-07T02:16:43.652558,
5a948aedd632584a,https://nz.linkedin.com/jobs/view/allied-support-workers-manurewa-at-oranga-tamariki%E2%80%94ministry-for-children-4436073723,Allied Support Workers - Manurewa,,scraped,2026-07-07T02:17:53.760650,
89c6e9aa96e853af,https://nz.linkedin.com/jobs/view/advisor-at-ministry-of-justice-new-zealand-4437123969,Advisor,,scraped,2026-07-07T02:18:02.875800,
d6a1541a0286a808,https://nz.linkedin.com/jobs/view/processing-officer-dv-team-at-ministry-of-justice-new-zealand-4435387371,Processing Officer DV Team,,scraped,2026-07-07T02:18:10.372230,
055b07af33b9a03e,https://nz.linkedin.com/jobs/view/hr-adviser-at-university-of-otago-4436475669,HR Adviser,University of Otago,posted,2026-07-07T02:18:26.872464,93
6d24e8a52ac58c28,https://nz.linkedin.com/jobs/view/hiring-now%21-entry-level-english-teacher-esl-no-experience-needed-at-english-1-4437453017,Hiring now! Entry-Level English Teacher (ESL) | No Experience Needed,,scraped,2026-07-07T02:18:29.548719,
44231bb1f4f41c87,https://nz.linkedin.com/jobs/view/p-c-business-partner-18-month-fixed-term-contract-at-fonterra-4436169146,P&C Business Partner - 18 Month Fixed Term Contract,,scraped,2026-07-07T02:18:36.948629,
a61aac695d97f978,https://nz.linkedin.com/jobs/view/availability-manager-napier-secondment-at-the-warehouse-4434957334,"Availability Manager, Napier (Secondment)",,scraped,2026-07-07T02:18:44.269021,
a0bdce9efc4fa1c7,https://nz.linkedin.com/jobs/view/major-fill-operations-specialist-at-woolworths-group-4437147199,Major Fill Operations Specialist,,scraped,2026-07-07T02:18:51.299197,
60753b226077f9f4,https://nz.linkedin.com/jobs/view/software-engineering-intern-26-27-at-kami-4434682579,Software Engineering Intern 26/27,Kami,posted,2026-07-07T02:19:43.436001,95
40a04a67e8cc2bb7,https://nz.linkedin.com/jobs/view/toyota-technician-at-muster-limited-4435306550,Toyota Technician,MUSTER LIMITED,posted,2026-07-07T02:20:57.952336,97
17222f15a504c870,https://nz.linkedin.com/jobs/view/information-technology-support-engineer-at-search-talent-4435548151,Information Technology Support Engineer,,scraped,2026-07-07T02:21:00.819375,
7244e59b179bf867,https://nz.linkedin.com/jobs/view/qualified-dental-nurse-at-azza-healthcare-agency-4431963762,Qualified Dental Nurse,,scraped,2026-07-07T02:21:08.540335,
b4da8c8df7dcf580,https://nz.linkedin.com/jobs/view/senior-advisor-at-ministry-of-education-new-zealand-4435391259,Senior Advisor,,scraped,2026-07-07T02:23:10.200029,
1546fbdbe0a0330f,https://nz.linkedin.com/jobs/view/field-services-engineer-at-mercury-nz-4434501369,Field Services Engineer,,scraped,2026-07-07T02:23:17.664362,
0216a4f121e49b02,https://nz.linkedin.com/jobs/view/design-director-at-colenso-bbdo-4436281055,Design Director,,scraped,2026-07-07T02:23:24.625490,
bd2a1b46af148eac,https://nz.linkedin.com/jobs/view/manufacturing-manager-at-tribe-group-4413965781,Manufacturing Manager,,scraped,2026-07-07T02:23:31.651449,
c1ecc834f25a96b8,https://nz.linkedin.com/jobs/view/business-development-manager-at-ampol-4436176307,Business Development Manager,,scraped,2026-07-07T02:23:38.648911,
cf2efd82478b1e2b,https://nz.linkedin.com/jobs/view/sustainability-consultant-esd-engineer-buildings-at-22-degrees-building-services-engineering-4435026710,Sustainability Consultant (ESD Engineer) Buildings,,scraped,2026-07-07T02:24:48.866668,
30fa796abfda7a57,https://nz.linkedin.com/jobs/view/sales-consultant-noel-leeming-tory-street-at-noel-leeming-4436193147,"Sales Consultant - Noel Leeming, Tory Street",Noel Leeming,posted,2026-07-07T02:26:58.460612,99
fa9b816ae17ed8f4,https://nz.linkedin.com/jobs/view/training-consultant-smartly-at-datacom-4431598039,Training Consultant - SMARTLY,Datacom,posted,2026-07-07T02:27:11.979993,101
e4d4f75c1d846412,https://nz.linkedin.com/jobs/view/senior-analyst-application-support-at-university-of-otago-4436184109,Senior Analyst Application Support,University of Otago,posted,2026-07-07T02:27:22.064158,103
f4eb6e72e1a39115,https://nz.linkedin.com/jobs/view/assistant-store-manager-sunglass-hut-ft-nz-manawa-bay-at-sunglass-hut-4436088205,Assistant Store Manager | Sunglass Hut | FT | NZ | Manawa Bay,Sunglass Hut,posted,2026-07-07T02:27:33.820747,105
8001ad96fe3b8401,https://nz.linkedin.com/jobs/view/customer-success-representative-at-gallagher-4436041952,Customer Success Representative,,scraped,2026-07-07T02:27:36.531907,
7e8461f9e08d08ac,https://nz.linkedin.com/jobs/view/assistant-store-manager-sunglass-hut-ft-nz-auckland-international-airport-at-sunglass-hut-4436057565,Assistant Store Manager | Sunglass Hut | FT | NZ | Auckland International Airport,Sunglass Hut,posted,2026-07-07T02:27:52.622856,107
1b771e5657f33b13,https://nz.linkedin.com/jobs/view/depot-manager-at-linde-4428682365,Depot Manager,,scraped,2026-07-07T02:27:55.179797,
8ac2ff3ad4bf7fde,https://nz.linkedin.com/jobs/view/service-delivery-analyst-at-defend-4437494958,Service Delivery Analyst,,scraped,2026-07-07T02:28:02.005483,
62755ea8119d8457,https://nz.linkedin.com/jobs/view/kmart-albany-nz-duty-manager-at-kmart-australia-limited-4433948514,Kmart Albany NZ - Duty Manager,Kmart Australia Limited,posted,2026-07-07T02:28:20.054310,109
204acd38cdcc653a,https://nz.linkedin.com/jobs/view/general-practitioner-at-the-doctors-medical-centres-4435038022,General Practitioner,The Doctors Medical Centres,posted,2026-07-07T02:29:02.851206,111
50a32367dda87fa2,https://nz.linkedin.com/jobs/view/assistant-branch-manager-bnt-upper-hutt-at-bapcor-limited-4436472788,Assistant Branch Manager - BNT Upper Hutt,,scraped,2026-07-07T02:29:05.693032,
7558dfbd4290a557,https://nz.linkedin.com/jobs/view/policy-analyst-at-people2people-4433990491,Policy Analyst,,scraped,2026-07-07T02:30:16.703256,
8f27e26797d15b4c,https://nz.linkedin.com/jobs/view/occupational-health-safety-business-partner-at-tetra-pak-4434636005,Occupational Health & Safety Business Partner,,scraped,2026-07-07T02:30:23.156195,
6706b8a270a93919,https://nz.linkedin.com/jobs/view/people-manager-property-advisory-at-wsp-in-canada-4376431405,People Manager - Property Advisory,WSP in Canada,posted,2026-07-07T02:30:40.502227,113
5616c913496727aa,https://nz.linkedin.com/jobs/view/avionics-technician-evening-shift-at-rocket-lab-4434509117,Avionics Technician (Evening Shift),,scraped,2026-07-07T02:30:43.124106,
54f1e570de66066c,https://nz.linkedin.com/jobs/view/workday-hcm-consultant-at-cognizant-4418067974,Workday HCM Consultant,,scraped,2026-07-07T02:31:01.440944,
15d2fc7276ab4a90,https://nz.linkedin.com/jobs/view/senior-retail-assistant-repco-papamoa-at-repco-4427165268,Senior Retail Assistant | Repco Papamoa,,scraped,2026-07-07T02:33:52.900441,
06452185b7106124,https://nz.linkedin.com/jobs/view/laboratory-field-technician-at-wsp-in-new-zealand-4437160162,Laboratory Field Technician,WSP in New Zealand,posted,2026-07-07T02:34:11.187403,115
44fc63a670cb94e0,https://nz.linkedin.com/jobs/view/sterile-services-team-lead-at-southern-cross-healthcare-4436160442,Sterile Services Team Lead,,scraped,2026-07-07T02:34:13.848941,
8634fdb90aee6b68,https://nz.linkedin.com/jobs/view/hiring-now%21-teach-english-overseas-with-full-training-visa-sponsorship-career-support-at-english-1-4435891872,"Hiring Now! Teach English Overseas with Full Training, Visa Sponsorship & Career Support",,scraped,2026-07-07T02:34:23.748884,
87552543557eec04,https://nz.linkedin.com/jobs/view/regional-account-manager-managed-fill-at-hays-4434381567,Regional Account Manager - Managed Fill,,scraped,2026-07-07T02:35:35.300067,
d54ebad7c5eb744d,https://nz.linkedin.com/jobs/view/body-corporate-manager-at-strata-title-administration-ltd-4432711687,Body Corporate Manager,,scraped,2026-07-07T02:35:42.190672,
ecf523a84593ac60,https://nz.linkedin.com/jobs/view/hydraulic-modeller-at-beca-4338799222,Hydraulic Modeller,,scraped,2026-07-07T02:35:51.735954,
b18fb6ce74363e3e,https://nz.linkedin.com/jobs/view/legal-assistant-at-weston-ward-and-lascelles-4436422579,Legal Assistant,,scraped,2026-07-07T02:37:03.414572,
6d87eb2544252821,https://nz.linkedin.com/jobs/view/class-4-driver-at-apl-window-solutions-4437482938,Class 4 Driver,APL Window Solutions,posted,2026-07-07T02:38:25.722344,117
bbb6dbdb63ad6521,https://nz.linkedin.com/jobs/view/medical-representative-dermatological-beauty-at-l-or%C3%A9al-4402345624,"Medical Representative, Dermatological Beauty",,scraped,2026-07-07T02:38:28.682074,
320c7d554d88bc96,https://nz.linkedin.com/jobs/view/salesforce-platform-lead-at-medenterprises-4435359121,Salesforce Platform Lead,,scraped,2026-07-07T02:38:35.725820,
7790f3d085abd115,https://nz.linkedin.com/jobs/view/business-it-systems-support-analyst-at-abbott-4432356758,Business IT Systems Support Analyst,Abbott,posted,2026-07-07T02:38:54.643198,119
dfaf778b6fa0db93,https://nz.linkedin.com/jobs/view/temporary-administration-support-at-brannigans-4436967560,Temporary Administration Support,,scraped,2026-07-07T02:38:57.191023,
57ec6c1c67780f67,https://nz.linkedin.com/jobs/view/freelance-video-editor-%E2%80%93-music-social-content-at-twine-4434982675,Freelance Video Editor – Music Social Content,,scraped,2026-07-07T02:39:06.058175,
c916eba1152f1233,https://nz.linkedin.com/jobs/view/banking-consultant-at-anz-4436311412,Banking Consultant,,scraped,2026-07-07T02:39:12.778493,
823936b938848989,https://nz.linkedin.com/jobs/view/commercial-marketing-manager-at-suntory-oceania-4425578448,Commercial Marketing Manager,,scraped,2026-07-07T02:39:19.537997,
1f21cdc0ba3d227b,https://nz.linkedin.com/jobs/view/senior-project-engineer-%E2%80%93-mechanical-senior-mechanical-engineer-at-mercury-nz-4431993374,Senior Project Engineer – Mechanical (Senior Mechanical Engineer),,scraped,2026-07-07T02:39:27.478517,
38cdb6c872f985da,https://nz.linkedin.com/jobs/view/judges-clerk-at-ministry-of-justice-new-zealand-4435392188,Judges Clerk,,scraped,2026-07-07T02:39:34.616627,
3c534b85fb3ccde3,https://nz.linkedin.com/jobs/view/c%2B%2B-developer-remote-at-yo-it-consulting-4435296534,C++ Developer - Remote,,scraped,2026-07-07T02:40:45.553594,
bcc207f409d9474c,https://nz.linkedin.com/jobs/view/hr-advisor-fixed-term-contract-at-hays-4436133427,HR Advisor - Fixed Term Contract,,scraped,2026-07-07T02:40:52.272623,
ba032fa7fa26edc4,https://www.linkedin.com/jobs/view/2026/,"1,000+Senior Design Verification Engineer Jobs in United States",,failed|wp_post_failed,2026-07-07T02:41:01.056300,
4e222c6ec5e898d6,https://nz.linkedin.com/jobs/view/field-engineer-at-entelar-group-4436970893,Field Engineer,Entelar Group,posted,2026-07-07T02:42:16.214293,121
e17140df05ccfbdb,https://nz.linkedin.com/jobs/view/hvac-technician-at-cushman-wakefield-4401593527,HVAC Technician,Cushman & Wakefield,posted,2026-07-07T02:42:35.394283,123
27bda54db4d16319,https://nz.linkedin.com/jobs/view/campus-principal-wellington-at-oneschool-global-4427448937,Campus Principal (Wellington),OneSchool Global,posted,2026-07-07T02:42:45.549191,125
3536a302b64581b0,https://nz.linkedin.com/jobs/view/host-lead-pou-tiaki-lead-walter-nash-centre-at-hutt-city-council-4433923383,Host Lead | Pou Tiaki Lead - Walter Nash Centre,Hutt City Council,posted,2026-07-07T02:42:59.342851,127
9489f358b6821d08,https://nz.linkedin.com/jobs/view/extrusions-operator-night-shift-at-marley-nz-4436064082,Extrusions Operator - Night Shift,,scraped,2026-07-07T02:43:02.282867,
e8ea77d7528b156c,https://nz.linkedin.com/jobs/view/field-service-manager-crown-forklifts-palmerston-north-at-crown-lift-trucks-new-zealand-4437134337,Field Service Manager - Crown Forklifts Palmerston North,,scraped,2026-07-07T02:43:10.205696,
4bbc89ad213e5f36,https://nz.linkedin.com/jobs/view/costings-and-purchasing-co-ordinator-at-bunzl-australasia-4436054282,Costings and Purchasing Co-ordinator,,scraped,2026-07-07T02:43:16.648607,
bf9abb2b03ac4243,https://nz.linkedin.com/jobs/view/remediation-calculation-specialist-at-iag-4436480955,Remediation Calculation Specialist,IAG,posted,2026-07-07T02:45:43.102841,129
0e0e310b7cd996cc,https://nz.linkedin.com/jobs/view/site-manager-at-cook-brothers-construction-cbc-4433127687,Site Manager,,scraped,2026-07-07T02:45:45.895506,
7b2508852cbb50f5,https://nz.linkedin.com/jobs/view/growth-engineer-at-first-table-4424170229,Growth Engineer,,scraped,2026-07-07T02:45:54.405708,
0b7b336882ec75e7,https://nz.linkedin.com/jobs/view/senior-advisor-at-nz-transport-agency-waka-kotahi-4434305630,Senior Advisor,NZ Transport Agency Waka Kotahi,posted,2026-07-07T02:47:14.661858,131
0ff03bc34479a6b5,https://nz.linkedin.com/jobs/view/accounting-professional%3F-discover-a-new-career-in-saas-sales-with-xero-at-xero-4417048805,Accounting Professional? Discover a new career in SaaS Sales with Xero,,scraped,2026-07-07T02:47:17.569435,
f05a4e9f28bc6dac,https://nz.linkedin.com/jobs/view/technical-software-support-at-siemens-healthineers-4420717686,Technical Software Support,,scraped,2026-07-07T02:47:24.090886,
8f5c2dd4d96cb198,https://nz.linkedin.com/jobs/view/graduate-field-service-engineer-auckland-nz-at-agilent-technologies-4433505208,"Graduate Field Service Engineer - Auckland, NZ",Agilent Technologies,posted,2026-07-07T02:50:43.662620,133
47b948ada85814ce,https://nz.linkedin.com/jobs/view/financial-adviser-at-velocity-financial-4436421723,Financial Adviser,,scraped,2026-07-07T02:50:46.333186,
61e30d43f1faa494,https://nz.linkedin.com/jobs/view/planner-scheduler-infrastructure-at-turner-townsend-4436254952,Planner/Scheduler (Infrastructure),,scraped,2026-07-07T02:50:52.869037,
8a822863f78fbb27,https://nz.linkedin.com/jobs/view/customer-experience-and-tour-guide-dark-sky-project-at-te-r%C5%ABnanga-o-ng%C4%81i-tahu-4433137186,Customer Experience and Tour Guide | Dark Sky Project,,scraped,2026-07-07T02:50:59.638156,
10ec7a3d8dde79e7,https://nz.linkedin.com/jobs/view/assistant-store-manager-at-tommy-hilfiger-4426728611,Assistant Store Manager,Tommy Hilfiger,posted,2026-07-07T02:51:17.730928,135
a4a52cbf43eef5e9,https://nz.linkedin.com/jobs/view/story-development-producer-at-tvnz-4436138693,Story Development Producer,,scraped,2026-07-07T02:51:20.391319,
fb06cabdd9294f56,https://nz.linkedin.com/jobs/view/assistant-property-manager-at-cbre-4437152581,Assistant Property Manager,,scraped,2026-07-07T02:51:26.884730,
fb2fb70cb3675854,https://nz.linkedin.com/jobs/view/store-supervisor-3ic-adidas-sylvia-park-performance-store-at-adidas-4424839308,Store Supervisor (3IC) - adidas Sylvia Park Performance Store,,scraped,2026-07-07T02:51:53.468172,
aa66c3b9b82af922,https://nz.linkedin.com/jobs/view/business-development-manager-at-ampol-4436156971,Business Development Manager,,scraped,2026-07-07T02:52:00.715347,
4a33bdd9f739a7fb,https://nz.linkedin.com/jobs/view/boat-broker-at-orakei-marine-4434680606,Boat Broker,,scraped,2026-07-07T02:53:11.114425,
822fcf8e823879e4,https://nz.linkedin.com/jobs/view/assistant-property-manager-at-cbre-asia-pacific-4436064828,Assistant Property Manager,,scraped,2026-07-07T02:53:18.768433,
773a96a9b777c016,https://nz.linkedin.com/jobs/view/payroll-specialist-lead-australia-individual-contributor-at-remote-4433082732,Payroll Specialist Lead - Australia (Individual Contributor),,scraped,2026-07-07T02:53:25.199846,
2522d728f27c83bd,https://nz.linkedin.com/jobs/view/account-manager-at-pernod-ricard-4412703567,Account Manager,,scraped,2026-07-07T02:53:42.440687,
adda59f6d888fb4e,https://nz.linkedin.com/jobs/view/cleaner-at-ocs-4427530170,Cleaner,OCS,scraped,2026-07-07T02:53:52.353383,
fba9007d9835e3d5,https://nz.linkedin.com/jobs/view/sales-consultant-s-noel-leeming-queen-street-new-store%21-at-noel-leeming-4436718662,"Sales Consultant(s) - Noel Leeming, Queen Street (NEW STORE!)",Noel Leeming,posted,2026-07-07T02:54:05.084013,137
74241d60952c1939,https://nz.linkedin.com/jobs/view/laboratory-technician-at-als-4424853308,Laboratory Technician,,scraped,2026-07-07T02:54:07.763198,
22aa05e791ac7958,https://nz.linkedin.com/jobs/view/australia-new-zealand-securities-specialist-at-ubs-4417118643,Australia & New Zealand Securities Specialist,UBS,posted,2026-07-07T02:54:24.003649,139
092f0aff675b6a5e,https://nz.linkedin.com/jobs/view/qra-officer-at-dhl-supply-chain-4435116771,QRA Officer,DHL Supply Chain,posted,2026-07-07T02:56:14.821016,141
cfcf6e0358019715,https://nz.linkedin.com/jobs/view/advisor-at-reserve-bank-of-new-zealand-4432736256,Advisor,Reserve Bank of New Zealand,posted,2026-07-07T02:56:26.999534,143
57e65ee2e847ffb7,https://nz.linkedin.com/jobs/view/commis-chef-cooks-assistant-at-ryman-healthcare-4432327121,Commis Chef/Cooks Assistant,,scraped,2026-07-07T02:56:29.682049,
efde38845a233781,https://nz.linkedin.com/jobs/view/outbound-sales-representative-ai-automation-at-unlockland-4435456729,Outbound Sales Representative (AI & Automation),,scraped,2026-07-07T02:57:41.512086,
24d7cdabde79df60,https://nz.linkedin.com/jobs/view/relationship-manager-property-finance-christchurch-16-month-fixed-term-contract-at-asb-bank-4433925424,Relationship Manager Property Finance - Christchurch (16-Month Fixed Term Contract),,scraped,2026-07-07T02:57:56.930854,
d55379aaac8686ae,https://nz.linkedin.com/jobs/view/store-manager-eoi-north-island-at-woolworths-group-4434279595,Store Manager EOI - North Island,,scraped,2026-07-07T02:58:03.682556,
fc6a4080acb9339b,https://nz.linkedin.com/jobs/view/recreational-diversional-therapist-at-summerset-retirement-villages-4436119835,Recreational/Diversional Therapist,,scraped,2026-07-07T02:58:10.406764,
175bee523235f65d,https://nz.linkedin.com/jobs/view/member-of-the-board-of-advisors-at-westfield-fc-4436069475,Member of the Board of Advisors,,scraped,2026-07-07T02:58:17.401284,
51ded2a7a90c8ed9,https://nz.linkedin.com/jobs/view/reach-operator-at-persol-4435891652,Reach Operator,,scraped,2026-07-07T02:58:24.812665,
47b08c67b0ac72cd,https://nz.linkedin.com/jobs/view/systems-accountant-at-archway-recruitment-4427146089,Systems Accountant,,scraped,2026-07-07T02:58:31.594362,
604dbd81624bdea4,https://nz.linkedin.com/jobs/view/itsm-specialist-at-datacom-4426319307,ITSM Specialist,Datacom,posted,2026-07-07T02:58:49.404251,145
67795e1ea678e492,https://nz.linkedin.com/jobs/view/social-worker-fixed-term-until-june-2027-at-oranga-tamariki%E2%80%94ministry-for-children-4431553354,Social Worker - Fixed Term until June 2027,,scraped,2026-07-07T02:58:51.951918,
691db4c3ebb2ea67,https://nz.linkedin.com/jobs/view/graduate-program-at-english-1-4435890821,Graduate Program,,scraped,2026-07-07T02:59:00.619247,
592421e6fcd49f3c,https://nz.linkedin.com/jobs/view/customer-experience-specialist-at-xero-4435052511,Customer Experience Specialist,,scraped,2026-07-07T02:59:08.061472,
acd1156636f878f4,https://nz.linkedin.com/jobs/view/hiring-now%21-teach-english-overseas-with-full-training-visa-sponsorship-career-support-at-english-1-4435304537,"Hiring Now! Teach English Overseas with Full Training, Visa Sponsorship & Career Support",,scraped,2026-07-07T02:59:14.608389,
22235fef5e0c18af,https://nz.linkedin.com/jobs/view/category-lead-at-tribe-group-4427961354,Category Lead,,scraped,2026-07-07T02:59:22.163933,
9ee27a2fdbc7e936,https://nz.linkedin.com/jobs/view/sales-3ic-noel-leeming-queen-street-at-noel-leeming-4436340101,"Sales 3IC - Noel Leeming, Queen Street",Noel Leeming,posted,2026-07-07T02:59:38.279291,147
54ff5a0090c154f2,https://nz.linkedin.com/jobs/view/inside-sales-representative-at-datacom-4435357696,Inside Sales Representative,Datacom,posted,2026-07-07T02:59:50.338561,149
b04a3a4a98218bb0,https://nz.linkedin.com/jobs/view/chief-executive-at-new-plymouth-district-council-4435025865,Chief Executive,,scraped,2026-07-07T02:59:52.991923,
7f0fa091f89811b1,https://nz.linkedin.com/jobs/view/physics-masters-at-alignerr-4436142875,Physics Masters,,scraped,2026-07-07T03:00:01.364184,
97649ca1b8079c29,https://nz.linkedin.com/jobs/view/ai-model-evaluator-%2470-hr-remote-at-crossing-hurdles-4436086335,AI Model Evaluator | $70/hr Remote,,scraped,2026-07-07T03:00:08.832586,
b53066082863ff29,https://nz.linkedin.com/jobs/view/vendor-marketing-specialist-at-dicker-data-nz-4436167552,Vendor Marketing Specialist,,scraped,2026-07-07T03:00:59.818012,
109adcbdfb0eb40f,https://nz.linkedin.com/jobs/view/people-projects-culture-at-the-forest-bridge-trust-4437117617,"People, Projects & Culture",,scraped,2026-07-07T03:01:06.495040,
ed7411d15bafb373,https://nz.linkedin.com/jobs/view/supply-chain-specialist-at-chorus-nz-limited-4434943591,Supply Chain Specialist,,scraped,2026-07-07T03:01:16.183875,
6c3baf7b56921c0d,https://nz.linkedin.com/jobs/view/personal-assistant-%E2%80%93-business-advisory-services-at-baker-tilly-staples-rodway-4427797512,Personal Assistant – Business Advisory Services,,scraped,2026-07-07T03:01:22.705682,
ac855d2ff8be349a,https://nz.linkedin.com/jobs/view/head-of-marketing-at-hunter-campbell-4426934527,Head of Marketing,,scraped,2026-07-07T03:02:35.370505,
b909f03e2a19c226,https://nz.linkedin.com/jobs/view/spacecraft-operations-engineer-pipeline-at-rocket-lab-4426175854,Spacecraft Operations Engineer Pipeline,,scraped,2026-07-07T03:02:45.395984,
029c97aa1861b592,https://nz.linkedin.com/jobs/view/senior-ai-data-engineer-at-air-new-zealand-4437161460,Senior AI Data Engineer,,scraped,2026-07-07T03:02:52.195409,
d2aeae865a9cbb8e,https://nz.linkedin.com/jobs/view/director-of-building-services-at-wsp-4432765231,Director of Building Services,WSP,posted,2026-07-07T03:04:14.480763,151
901ab1aabe5f054c,https://nz.linkedin.com/jobs/view/passenger-service-agent-bilingual-at-swissport-4434309104,Passenger Service Agent - Bilingual,,scraped,2026-07-07T03:04:17.149824,
b87697f8fe9612e0,https://nz.linkedin.com/jobs/view/health-policy-management-ai-content-specialist-at-alignerr-4437135093,Health Policy & Management - AI Content Specialist,,scraped,2026-07-07T03:04:23.828016,
63e78270a9da4eec,https://nz.linkedin.com/jobs/view/store-manager-opsm-ft-nz-whakatane-at-opsm-4436082419,Store Manager | OPSM | FT | NZ | Whakatane,,scraped,2026-07-07T03:04:36.772399,
e8fd561a1271c494,https://nz.linkedin.com/jobs/view/calibration-laboratory-compliance-lead-at-intellihub-group-4435743209,Calibration Laboratory Compliance Lead,,scraped,2026-07-07T03:04:43.571519,
3a152a1220104540,https://nz.linkedin.com/jobs/view/ghd-summer-internship-program-2026-27-new-zealand-at-ghd-4426061036,GHD Summer Internship Program 2026/27 - New Zealand,,scraped,2026-07-07T03:04:50.302329,
e86f671432c9d0a2,https://nz.linkedin.com/jobs/view/electrical-engineering-at-alignerr-4436147742,Electrical Engineering,,scraped,2026-07-07T03:04:58.289348,
c664cd6dc8b5a0e3,https://nz.linkedin.com/jobs/view/retail-assistant-merchandise-at-woolworths-group-4433046361,Retail Assistant - Merchandise,,scraped,2026-07-07T03:07:34.913224,
9445d5641b336a52,https://nz.linkedin.com/jobs/view/support-worker-counties-at-ihc-new-zealand-4407310651,Support Worker - Counties,,scraped,2026-07-07T03:07:41.687045,
678840dc6b0acadd,https://nz.linkedin.com/jobs/view/business-analyst-deal-advisory-business-restructuring-at-bdo-in-new-zealand-4436429664,Business Analyst - Deal Advisory & Business Restructuring,BDO in New Zealand,posted,2026-07-07T03:07:59.231685,153
82de37285d6af197,https://nz.linkedin.com/jobs/view/bi-developer-at-hays-4437475484,BI Developer,,scraped,2026-07-07T03:08:01.878735,
01d57c974eff3b7f,https://nz.linkedin.com/jobs/view/real-estate-manager-at-cbre-asia-pacific-4436077280,Real Estate Manager,,scraped,2026-07-07T03:08:08.584280,
692af85bd8a018fd,https://nz.linkedin.com/jobs/view/platform-engineer-datapay-at-datacom-4431576550,Platform Engineer - Datapay,Datacom,posted,2026-07-07T03:08:24.185344,155
1cd0307913211e04,https://nz.linkedin.com/jobs/view/regional-manager-apparel-brands-at-myer-4437478118,Regional Manager - Apparel Brands,,scraped,2026-07-07T03:08:26.885396,
d9badacbf943e9c6,https://nz.linkedin.com/jobs/view/customer-experience-manager-at-the-construction-index-ltd-4436497453,Customer Experience Manager,,scraped,2026-07-07T03:08:33.713764,
44a78b6f0f2385b3,https://nz.linkedin.com/jobs/view/policy-analyst-at-frog-recruitment-4433969590,Policy Analyst,,scraped,2026-07-07T03:09:45.102596,
c30339da8915c687,https://nz.linkedin.com/jobs/view/funds-consultant-at-anz-4432303775,Funds Consultant,,scraped,2026-07-07T03:09:52.044407,
eaaa1791605ef8d8,https://nz.linkedin.com/jobs/view/chief-executive-at-jacksonstone-partners-4435352344,Chief Executive,,scraped,2026-07-07T03:09:58.624089,
895efb995e209434,https://nz.linkedin.com/jobs/view/sales-engineer-waikato-bop-at-hays-4434390103,Sales Engineer - Waikato / BOP,,scraped,2026-07-07T03:10:13.765296,
38394ea7de8ddd2e,https://nz.linkedin.com/jobs/view/ai-ml-engineer-%E2%80%93-remote-at-twine-4431099362,AI/ML Engineer – Remote,,scraped,2026-07-07T03:10:20.605026,
0a1444c5937c0454,https://nz.linkedin.com/jobs/view/hiring-now%21-entry-level-english-teacher-esl-no-experience-needed-at-english-1-4437449377,Hiring now! Entry-Level English Teacher (ESL) | No Experience Needed,,scraped,2026-07-07T03:10:26.837640,
9de7279b4219a6f7,https://nz.linkedin.com/jobs/view/manager-talent-organisational-development-at-national-emergency-management-agency-nz-4437126968,"Manager, Talent & Organisational Development",,scraped,2026-07-07T03:10:34.207884,
cf7e64d4455e99de,https://nz.linkedin.com/jobs/view/store-manager-at-tribe-group-4428648862,Store Manager,,scraped,2026-07-07T03:10:40.718427,
ac9450e6fef9fcdd,https://nz.linkedin.com/jobs/view/freelance-motion-designer-%E2%80%93-brand-3d-visuals-at-twine-4429467453,Freelance Motion Designer – Brand & 3D Visuals,,scraped,2026-07-07T03:10:47.435680,
c8018cc806ca01b2,https://nz.linkedin.com/jobs/view/business-controller-star-ops-performance-at-db-breweries-4436486554,Business Controller - Star Ops & Performance,,scraped,2026-07-07T03:10:53.899179,
33d03aeee836d4c2,https://nz.linkedin.com/jobs/view/propulsion-components-engineer-ii-at-rocket-lab-4433120977,Propulsion Components Engineer II,,scraped,2026-07-07T03:11:01.665455,
6ad397caca1892a8,https://nz.linkedin.com/jobs/view/biochemist-at-alignerr-4434908683,Biochemist,,scraped,2026-07-07T03:13:47.840377,
923ffd05648ccbb7,https://nz.linkedin.com/jobs/view/physics-masters-at-alignerr-4434907678,Physics Masters,Alignerr,posted,2026-07-07T03:15:06.023343,157
8fba1e973ea7d3f6,https://nz.linkedin.com/jobs/view/freelance-data-scraping-engineer-python-at-mindrift-4432364214,Freelance Data Scraping Engineer (Python),,scraped,2026-07-07T03:15:08.656584,
b700306c7483d47d,https://nz.linkedin.com/jobs/view/project-manager-%E2%80%93-business-service-desk-at-infosys-4424839361,Project Manager – Business Service Desk,Infosys,posted,2026-07-07T03:15:25.613964,159
2084f9421fe69b88,https://nz.linkedin.com/jobs/view/hr-advisor-at-tribe-group-4435397185,HR Advisor,,scraped,2026-07-07T03:15:28.254398,
48c1fb7255d0a272,https://nz.linkedin.com/jobs/view/lifestyle-leadership-development-consultant-at-lifestyle-balance-and-freedom-4433926553,Lifestyle & Leadership Development Consultant,,scraped,2026-07-07T03:15:35.138389,
6aa27339013fdb32,https://nz.linkedin.com/jobs/view/ghd-summer-internship-program-2026-27-new-zealand-at-ghd-4426043824,GHD Summer Internship Program 2026/27 - New Zealand,,scraped,2026-07-07T03:15:41.440368,
abe08660ea651650,https://nz.linkedin.com/jobs/view/data-scientist-masters-at-alignerr-4436154200,Data Scientist (Masters),,scraped,2026-07-07T03:15:48.266785,
2a364770caa19f75,https://nz.linkedin.com/jobs/view/biotech-health-data-governance-lead-at-alignerr-4435363476,Biotech Health Data Governance Lead,,scraped,2026-07-07T03:16:03.491343,
5c47b542c3b88fb7,https://nz.linkedin.com/jobs/view/english-second-language-teacher-at-english-1-4434923698,English Second Language Teacher,,scraped,2026-07-07T03:16:10.110421,
4ce7c0d7d7b3492d,https://nz.linkedin.com/jobs/view/motion-graphic-designer-remote-%E2%80%93-mid-senior-at-twine-4424888076,Motion Graphic Designer (Remote) – Mid-Senior,,scraped,2026-07-07T03:16:17.757762,
7af0dcc5220e3636,https://nz.linkedin.com/jobs/view/senior-demand-brand-manager-18-month-contract-at-cartoncloud-4436037940,Senior Demand & Brand Manager - 18 month contract,,scraped,2026-07-07T03:16:24.244247,
98fe5a00b83593ff,https://nz.linkedin.com/jobs/view/sports-surfaces-specialist-at-turf-and-drainage-4436423561,Sports Surfaces Specialist,,scraped,2026-07-07T03:16:30.895709,
9b59ff7685643aaf,https://nz.linkedin.com/jobs/view/junior-purchasing-officer-at-cubic-corporation-4435195913,Junior Purchasing Officer,Cubic Corporation,posted,2026-07-07T03:16:47.969704,161
fef631b1899a69ac,https://nz.linkedin.com/jobs/view/senior-brand-manager-aperol-campari-12%E2%80%91month-ftc-at-campari-group-4426729553,Senior Brand Manager - Aperol & Campari (12‑month FTC),,scraped,2026-07-07T03:16:50.589580,
76730064e674d816,https://nz.linkedin.com/jobs/view/operations-improvement-analyst-at-intellihub-group-4426198669,Operations Improvement Analyst,,scraped,2026-07-07T03:16:57.604525,
a324c32805d5d1ae,https://nz.linkedin.com/jobs/view/account-manager-dental-at-dentech-lab-supplies-nz-4435387526,Account Manager - Dental,,scraped,2026-07-07T03:17:04.365437,
981841be7100f237,https://nz.linkedin.com/jobs/view/business-development-manager-agriculture-at-global-talent-search-4431982581,Business Development Manager - Agriculture,,scraped,2026-07-07T03:17:16.797889,
35c8f10ae392c9d4,https://nz.linkedin.com/jobs/view/client-advisor-full-time-auckland-at-tiffany-co-4348169630,Client Advisor | Full-time | Auckland,Tiffany & Co.,posted,2026-07-07T03:18:21.495405,163
8ce59bd91b6d1d36,https://nz.linkedin.com/jobs/view/clinical-business-intelligence-manager-at-alignerr-4434915650,Clinical Business Intelligence Manager,Alignerr,posted,2026-07-07T03:18:30.368574,165
29a4cb79fb32768e,https://nz.linkedin.com/jobs/view/sports-data-collector-football-new-plymouth-new-zealand-at-genius-sports-4424800317,"Sports Data Collector (Football) - New Plymouth, New Zealand",,scraped,2026-07-07T03:18:32.934175,
7fc59c350d04d136,https://nz.linkedin.com/jobs/view/bar-manager-at-radisson-hotel-group-4435386553,Bar Manager,Radisson Hotel Group,posted,2026-07-07T03:19:01.193725,167
90f0e54dc15be888,https://nz.linkedin.com/jobs/view/retail-sales-team-member-at-mitre-10-new-zealand-limited-4436940297,Retail Sales Team Member,,scraped,2026-07-07T03:19:03.805366,
3ec384fdcc19cb9d,https://nz.linkedin.com/jobs/view/territory-manager-%E2%80%93-south-island-at-hunter-campbell-4436076179,Territory Manager – South Island,,scraped,2026-07-07T03:19:10.445887,
80e2bb7c9f606221,https://nz.linkedin.com/jobs/view/teacher-of-physical-education-and-outdoor-education-at-school-jobs-4433158159,Teacher of Physical Education and Outdoor Education,School Jobs,posted,2026-07-07T03:19:34.644981,169
5e873edff43b3a13,https://nz.linkedin.com/jobs/view/anz-sales-customer-service-consultant-at-intrepid-travel-4436270508,ANZ Sales & Customer Service Consultant,,scraped,2026-07-07T03:19:37.347429,
7675ad30332be7cb,https://nz.linkedin.com/jobs/view/category-management-client-lead-at-dunnhumby-4436478572,Category Management Client Lead,,scraped,2026-07-07T03:19:44.084667,
0d89a691d3c1e584,https://nz.linkedin.com/jobs/view/night-manager-rydges-auckland-at-evt-entertainment-ventures-travel-4435385086,Night Manager - Rydges Auckland,,scraped,2026-07-07T03:19:51.098026,
7512cc366dbb5ce4,https://nz.linkedin.com/jobs/view/store-manager-jo-malone-london-britomart-free-standing-store-at-the-est%C3%A9e-lauder-companies-inc-4434960768,Store Manager - Jo Malone London - Britomart Free Standing Store,,scraped,2026-07-07T03:19:57.582897,
e5d58be15626a2c3,https://nz.linkedin.com/jobs/view/workday-hcm-consultant-at-cognizant-4418086044,Workday HCM Consultant,,scraped,2026-07-07T03:20:23.503383,
c4325a786c23a829,https://nz.linkedin.com/jobs/view/salesperson-4435524261,Salesperson,180flooring Ltd,posted,2026-07-07T03:21:08.234497,171
c76a91be4b0bb997,https://nz.linkedin.com/jobs/view/network-inspector-at-hamilton-city-council-4435024766,Network Inspector,Hamilton City Council,posted,2026-07-07T03:21:27.946277,173
323a2f894ce1a65f,https://nz.linkedin.com/jobs/view/insights-partner-at-one-new-zealand-4436495102,Insights Partner,,scraped,2026-07-07T03:21:30.585026,
d0029ab68fb14972,https://nz.linkedin.com/jobs/view/warehouse-team-member-at-jb-hi-fi-4431556301,Warehouse Team Member,,scraped,2026-07-07T03:21:40.147659,
ba7c50c60bcba4d8,https://nz.linkedin.com/jobs/view/customer-service-officer-at-concentrix-4434637412,Customer Service Officer,,scraped,2026-07-07T03:21:46.771467,
033c5fe4d52cd0c5,https://nz.linkedin.com/jobs/view/supply-chain-specialist-at-chorus-nz-limited-4434191712,Supply Chain Specialist,,scraped,2026-07-07T03:21:59.010734,
6265318ab8e6afae,https://nz.linkedin.com/jobs/view/junior-hr-advisor-at-hunter-campbell-4434992102,Junior HR Advisor,,scraped,2026-07-07T03:22:05.380279,
f02fb89871167d0e,https://nz.linkedin.com/jobs/view/software-developer-ai-trainer-at-dataannotation-4304447142,Software Developer - AI Trainer,DataAnnotation,posted,2026-07-07T03:22:17.496573,175
254a2f74d183e200,https://nz.linkedin.com/jobs/view/counsellor-at-habit-health-4435448445,Counsellor,,scraped,2026-07-07T03:22:20.138297,
ceed3eb3132042a7,https://nz.linkedin.com/jobs/view/private-wealth-assistant-gore-at-craigs-investment-partners-4434431207,Private Wealth Assistant - Gore,,scraped,2026-07-07T03:22:28.368432,
2062dbbbe95b279f,https://nz.linkedin.com/jobs/view/duty-manager-at-star-group-4434393938,Duty Manager,,scraped,2026-07-07T03:22:35.919999,
a1e38c337f195a26,https://nz.linkedin.com/jobs/view/join-our-experiential-team-at-kinloch-wilderness-retreat%21-at-kinloch-lodge-ltd-4436028568,Join Our Experiential Team at Kinloch Wilderness Retreat!,,scraped,2026-07-07T03:22:42.950334,
edd023217bd13d88,https://nz.linkedin.com/jobs/view/advisor-channels-at-climate-change-commission-4434189847,"Advisor, Channels",,scraped,2026-07-07T03:22:51.311840,
4366e416cc8dedcd,https://nz.linkedin.com/jobs/view/category-campaign-coordinator-at-tribe-group-4436440698,Category & Campaign Coordinator,,scraped,2026-07-07T03:22:59.408670,
f7eef53503474525,https://nz.linkedin.com/jobs/view/senior-account-manager-at-the-creative-store-new-zealand-4435275360,Senior Account Manager,,scraped,2026-07-07T03:23:06.193028,
05f0b3630d26ca64,https://nz.linkedin.com/jobs/view/english-second-language-teacher-at-english-1-4436100449,English Second Language Teacher,,scraped,2026-07-07T03:23:14.509273,
6192c933e6d28052,https://nz.linkedin.com/jobs/view/beef-finishing-specialist-rangtaiki-farm-at-p%C4%81mu-landcorp-farming-limited-4436344041,Beef Finishing Specialist - Rangtaiki Farm,,scraped,2026-07-07T03:23:21.874206,
7dbf32771b72ced2,https://nz.linkedin.com/jobs/view/property-management-team-leader-at-lugtons-real-estate-4437126748,Property Management Team Leader,,scraped,2026-07-07T03:23:28.868639,
ba714a84303a8464,https://nz.linkedin.com/jobs/view/receptionist-lumino-glenfield-mon-fri-fixed-term-at-abano-healthcare-group-4437490369,"Receptionist | Lumino Glenfield | Mon - Fri ,Fixed Term",,scraped,2026-07-07T03:23:37.539292,
cedd31f3158c9030,https://nz.linkedin.com/jobs/view/principal-advisor-cost-recovery-at-nz-transport-agency-waka-kotahi-4435403171,Principal Advisor Cost Recovery,,scraped,2026-07-07T03:23:44.035716,
656263c896983052,https://nz.linkedin.com/jobs/view/database-specialist-at-asb-bank-4424861427,Database Specialist,,scraped,2026-07-07T03:23:52.716304,
fd6a9864ffcc1d23,https://nz.linkedin.com/jobs/view/technology-support-specialist-at-nz-transport-agency-waka-kotahi-4436047943,Technology Support Specialist,NZ Transport Agency Waka Kotahi,posted,2026-07-07T03:24:08.727622,177
8a7f4b73e22ccc2b,https://nz.linkedin.com/jobs/view/social-worker-care-protection-wellington-willis-street-at-oranga-tamariki%E2%80%94ministry-for-children-4433440191,Social Worker Care & Protection Wellington Willis Street,,scraped,2026-07-07T03:24:11.306579,
aa83fee586fcd934,https://nz.linkedin.com/jobs/view/ai-architect-at-datacom-4378765164,AI Architect,Datacom,posted,2026-07-07T03:24:30.030887,179
adc550663042835e,https://nz.linkedin.com/jobs/view/platform-engineer-datapay-at-datacom-4431588235,Platform Engineer - Datapay,Datacom,posted,2026-07-07T03:24:38.191281,155
f98852e910ffcab9,https://nz.linkedin.com/jobs/view/commercial-associate-at-asb-bank-4432751497,Commercial Associate,,scraped,2026-07-07T03:24:40.902933,
cbe906bf27223ab8,https://nz.linkedin.com/jobs/view/social-worker-sydenham-site-perm-fixed-term-at-oranga-tamariki%E2%80%94ministry-for-children-4433612053,Social Worker - Sydenham Site (Perm & Fixed Term),,scraped,2026-07-07T03:24:47.523577,
ec826f6123a19407,https://nz.linkedin.com/jobs/view/customer-service-representative-at-tribe-group-4437110855,Customer Service Representative,,scraped,2026-07-07T03:24:56.307224,
ff0608fb315c2593,https://nz.linkedin.com/jobs/view/customer-specialist-direct-channels-albany-at-asb-bank-4433929019,Customer Specialist - Direct Channels (Albany),,scraped,2026-07-07T03:25:03.879731,
